[
{ "name": "admin_eth_blockQueueStatus", "params": [""], "returns": {}},
{ "name": "admin_eth_setAskPrice", "params": ["", ""], "returns": true },
{ "name": "admin_eth_setBidPrice", "params": ["", ""], "returns": true },
{ "name": "admin_eth_setMining", "params": [true, ""], "returns": true },
{ "name": "admin_eth_findBlock", "params": ["", ""], "returns": {} },
{ "name": "admin_eth_blockQueueFirstUnknown", "params": [""], "returns": "" },
{ "name": "admin_eth_blockQueueRetryUnknown", "params": [""], "returns": true },
{ "name": "admin_eth_allAccounts", "params": [""], "returns": [] },
{ "name": "admin_eth_newAccount", "params": [{}, ""], "returns": {} },
{ "name": "admin_eth_setMiningBenefactor", "params": ["", ""], "returns": true },
{ "name": "admin_eth_inspect", "params": ["", ""], "returns": {} },
{ "name": "admin_eth_vmTrace", "params": ["", 0, ""], "returns": {} },
{ "name": "admin_eth_getReceiptByHashAndIndex", "params": ["", 0, ""], "returns": {} },
{ "name": "miner_start", "params": [0], "returns": true },
{ "name": "miner_stop", "params": [], "returns": true },
{ "name": "miner_setEtherbase", "params": [""], "returns": true },
{ "name": "miner_setExtra", "params": [""], "returns": true },
{ "name": "miner_setGasPrice", "params": [""], "returns": true },
{ "name": "miner_hashrate", "params": [], "returns": "" }
]
